{
  "total_episodes": 500,
  "total_transitions": 43649,
  "scenario_counts": {
    "variant_0": 300,
    "variant_1": 75,
    "variant_2": 75,
    "variant_3": 50
  },
  "transition_counts_by_scenario": {
    "variant_0": 28249,
    "variant_1": 7297,
    "variant_2": 1520,
    "variant_3": 6583
  },
  "success_rate_by_scenario": {
    "variant_0": 0.9033333333333333,
    "variant_1": 0.84,
    "variant_2": 0.9866666666666667,
    "variant_3": 0.7
  },
  "collision_rate_by_scenario": {
    "variant_0": 0.5966666666666667,
    "variant_1": 0.8,
    "variant_2": 0.6266666666666667,
    "variant_3": 0.68
  },
  "mean_return_by_scenario": {
    "variant_0": -54.428623730802954,
    "variant_1": -107.43273535094492,
    "variant_2": -10.578743920212228,
    "variant_3": -84.3529706914621
  },
  "mean_length_by_scenario": {
    "variant_0": 94.16333333333333,
    "variant_1": 97.29333333333334,
    "variant_2": 20.266666666666666,
    "variant_3": 131.66
  },
  "quality_counts": {
    "high": 10233,
    "medium": 19359,
    "low": 14057
  }
}