{
  "meta": {
    "policy_name": "ppo_baseline",
    "scenario_name": "default",
    "case_id": "2",
    "seed": 21970,
    "max_steps": 200,
    "total_reward": -8.852438072217163,
    "episode_length": 14,
    "final_success": true,
    "had_collision": false,
    "arena_size": 10.0,
    "success_distance": 0.8,
    "collision_distance": 0.5
  },
  "steps": [
    {
      "step": 0,
      "uav1_x": 1.2404842848537103,
      "uav1_y": -5.198533357572348,
      "uav2_x": 5.066537439522807,
      "uav2_y": 7.301060645230796,
      "target_x": 5.786486441623515,
      "target_y": -0.5844858724843376,
      "action": 18,
      "reward": -1.4395655848173685,
      "done": false,
      "success": false,
      "collision": false,
      "near_border": false,
      "distance_uav1_target": 6.4773119273354975,
      "distance_uav2_target": 7.918343920838186,
      "distance_uav1_uav2": 13.072051597865794,
      "obs": [
        0.12404842674732208,
        -0.5198533535003662,
        0.02424328774213791,
        0.02524406835436821,
        0.5066537261009216,
        0.7301060557365417,
        0.0023150108754634857,
        -0.034923356026411057,
        0.5786486268043518,
        -0.058448586612939835
      ]
    },
    {
      "step": 1,
      "uav1_x": 1.5212181576557784,
      "uav1_y": -4.913597412732894,
      "uav2_x": 5.102906104955793,
      "uav2_y": 6.902717426166352,
      "target_x": 5.736636531507577,
      "target_y": -0.7332154076411315,
      "action": 18,
      "reward": -1.359896443445984,
      "done": false,
      "success": false,
      "collision": false,
      "near_border": false,
      "distance_uav1_target": 5.936779074136276,
      "distance_uav2_target": 7.662185360323561,
      "distance_uav1_uav2": 12.34721769970161,
      "obs": [
        0.15212181210517883,
        -0.49135974049568176,
        0.0280733872205019,
        0.028493594378232956,
        0.5102906227111816,
        0.6902717351913452,
        0.0036368665751069784,
        -0.03983432054519653,
        0.5736636519432068,
        -0.07332154363393784
      ]
    },
    {
      "step": 2,
      "uav1_x": 1.8407412937780854,
      "uav1_y": -4.596729987012664,
      "uav2_x": 5.140125080814172,
      "uav2_y": 6.454259236547684,
      "target_x": 5.593677326033667,
      "target_y": -0.5110879117037062,
      "action": 18,
      "reward": -1.2527800404883394,
      "done": false,
      "success": false,
      "collision": false,
      "near_border": false,
      "distance_uav1_target": 5.547702229728733,
      "distance_uav2_target": 6.9800981751546605,
      "distance_uav1_uav2": 11.533008982629102,
      "obs": [
        0.18407413363456726,
        -0.4596729874610901,
        0.03195231407880783,
        0.03168674185872078,
        0.5140125155448914,
        0.6454259157180786,
        0.00372189749032259,
        -0.0448458194732666,
        0.5593677163124084,
        -0.051108792424201965
      ]
    },
    {
      "step": 3,
      "uav1_x": 2.1789836756550853,
      "uav1_y": -4.228501673187975,
      "uav2_x": 5.172614039696863,
      "uav2_y": 5.955315885503982,
      "target_x": 5.316684348560882,
      "target_y": -0.5312389804217239,
      "action": 18,
      "reward": -1.1337372790433273,
      "done": false,
      "success": false,
      "collision": false,
      "near_border": false,
      "distance_uav1_target": 4.849218177404956,
      "distance_uav2_target": 6.488154613028317,
      "distance_uav1_uav2": 10.614705027707341,
      "obs": [
        0.21789836883544922,
        -0.4228501617908478,
        0.033824238926172256,
        0.036822833120822906,
        0.5172613859176636,
        0.5955315828323364,
        0.0032488959841430187,
        -0.049894336611032486,
        0.5316684246063232,
        -0.053123898804187775
      ]
    },
    {
      "step": 4,
      "uav1_x": 2.5025101244675954,
      "uav1_y": -3.8472791175609946,
      "uav2_x": 5.183716604097434,
      "uav2_y": 5.455439167638735,
      "target_x": 5.084797592985927,
      "target_y": -0.2398572266302645,
      "action": 18,
      "reward": -1.0132561715406576,
      "done": false,
      "success": false,
      "collision": false,
      "near_border": false,
      "distance_uav1_target": 4.436406346270939,
      "distance_uav2_target": 5.696155369135637,
      "distance_uav1_uav2": 9.681396370369226,
      "obs": [
        0.25025102496147156,
        -0.38472792506217957,
        0.032352644950151443,
        0.038122255355119705,
        0.5183716416358948,
        0.545543909072876,
        0.0011102564167231321,
        -0.04998767003417015,
        0.5084797739982605,
        -0.0239857230335474
      ]
    },
    {
      "step": 5,
      "uav1_x": 2.7935438200947886,
      "uav1_y": -3.440708843180811,
      "uav2_x": 5.175033641230279,
      "uav2_y": 4.955514567167977,
      "target_x": 5.041734723703125,
      "target_y": -0.41883057233999477,
      "action": 18,
      "reward": -0.9142443336320533,
      "done": false,
      "success": false,
      "collision": false,
      "near_border": false,
      "distance_uav1_target": 3.7664453564132785,
      "distance_uav2_target": 5.375997979907253,
      "distance_uav1_uav2": 8.727431542250043,
      "obs": [
        0.27935439348220825,
        -0.3440708816051483,
        0.029103370383381844,
        0.040657028555870056,
        0.5175033807754517,
        0.4955514669418335,
        -0.0008682963089086115,
        -0.04999246075749397,
        0.5041734576225281,
        -0.04188305884599686
      ]
    },
    {
      "step": 6,
      "uav1_x": 3.0919937763353924,
      "uav1_y": -3.0395509894374473,
      "uav2_x": 5.162636043795779,
      "uav2_y": 4.455668291221209,
      "target_x": 5.2922108694401135,
      "target_y": -0.6022425299968822,
      "action": 18,
      "reward": -0.834307874554872,
      "done": false,
      "success": false,
      "collision": false,
      "near_border": false,
      "distance_uav1_target": 3.283508456400064,
      "distance_uav2_target": 5.059570289148657,
      "distance_uav1_uav2": 7.7759804182463546,
      "obs": [
        0.30919936299324036,
        -0.3039551079273224,
        0.029844995588064194,
        0.04011578485369682,
        0.5162636041641235,
        0.4455668330192566,
        -0.00123975973110646,
        -0.04998462647199631,
        0.5292210578918457,
        -0.0602242536842823
      ]
    },
    {
      "step": 7,
      "uav1_x": 3.4270343468593025,
      "uav1_y": -2.668407060343877,
      "uav2_x": 5.175440967755649,
      "uav2_y": 3.955832284192522,
      "target_x": 5.239736000921796,
      "target_y": -0.41903093696976307,
      "action": 18,
      "reward": -0.7264207442647198,
      "done": false,
      "success": false,
      "collision": false,
      "near_border": false,
      "distance_uav1_target": 2.8888717920749714,
      "distance_uav2_target": 4.375335650572226,
      "distance_uav1_uav2": 6.8510928037575285,
      "obs": [
        0.3427034318447113,
        -0.26684069633483887,
        0.03350405767560005,
        0.03711439296603203,
        0.5175440907478333,
        0.39558324217796326,
        0.0012804924044758081,
        -0.04998360201716423,
        0.5239735841751099,
        -0.041903093457221985
      ]
    },
    {
      "step": 8,
      "uav1_x": 3.7407730283465304,
      "uav1_y": -2.27908965803741,
      "uav2_x": 5.1827884078495,
      "uav2_y": 3.455886271983136,
      "target_x": 5.127672314071521,
      "target_y": -0.3687680923173766,
      "action": 18,
      "reward": -0.6185733180676982,
      "done": false,
      "success": false,
      "collision": false,
      "near_border": false,
      "distance_uav1_target": 2.3606817051859257,
      "distance_uav2_target": 3.8250514754910556,
      "distance_uav1_uav2": 5.913489432867714,