{
  "meta": {
    "policy_name": "ppo_baseline",
    "scenario_name": "default",
    "case_id": "1",
    "seed": 11997,
    "max_steps": 200,
    "total_reward": -8.9723671289502,
    "episode_length": 17,
    "final_success": true,
    "had_collision": false,
    "arena_size": 10.0,
    "success_distance": 0.8,
    "collision_distance": 0.5
  },
  "steps": [
    {
      "step": 0,
      "uav1_x": 2.616514473693163,
      "uav1_y": -1.1162539648355736,
      "uav2_x": 6.60027133460183,
      "uav2_y": -4.528460554187857,
      "target_x": 2.1640628462769724,
      "target_y": 3.411776271959799,
      "action": 18,
      "reward": -1.364603438916823,
      "done": false,
      "success": false,
      "collision": false,
      "near_border": false,
      "distance_uav1_target": 4.550579117044853,
      "distance_uav2_target": 9.095455272123376,
      "distance_uav1_uav2": 5.245328639394868,
      "obs": [
        0.2616514563560486,
        -0.11162539571523666,
        -0.0015370608307421207,
        0.03496623411774635,
        0.6600271463394165,
        -0.45284605026245117,
        -0.016288766637444496,
        0.03097863867878914,
        0.21640628576278687,
        0.3411776125431061
      ]
    },
    {
      "step": 1,
      "uav1_x": 2.576743568427812,
      "uav1_y": -0.7182360317039438,
      "uav2_x": 6.405175724515268,
      "uav2_y": -4.179264759647098,
      "target_x": 2.2293684286893614,
      "target_y": 3.117987808977799,
      "action": 18,
      "reward": -1.2259491055402734,
      "done": false,
      "success": false,
      "collision": false,
      "near_border": false,
      "distance_uav1_target": 3.8519193713684206,
      "distance_uav2_target": 8.40757168403431,
      "distance_uav1_uav2": 5.160970124832371,
      "obs": [
        0.25767436623573303,
        -0.0718236044049263,
        -0.003977090585976839,
        0.03980179503560066,
        0.6405175924301147,
        -0.41792649030685425,
        -0.019509561359882355,
        0.034919578582048416,
        0.22293683886528015,
        0.3117987811565399
      ]
    },
    {
      "step": 2,
      "uav1_x": 2.5361615110659077,
      "uav1_y": -0.2700696601182623,
      "uav2_x": 6.181673225370357,
      "uav2_y": -3.7886925731361036,
      "target_x": 2.405242888363143,
      "target_y": 3.3274752803784455,
      "action": 18,
      "reward": -1.1656058798222404,
      "done": false,
      "success": false,
      "collision": false,
      "near_border": false,
      "distance_uav1_target": 3.5999262887820147,
      "distance_uav2_target": 8.056132509440388,
      "distance_uav1_uav2": 5.066602694424058,
      "obs": [
        0.2536161541938782,
        -0.02700696513056755,
        -0.004058205522596836,
        0.04481663554906845,
        0.6181673407554626,
        -0.37886926531791687,
        -0.02235024981200695,
        0.03905721753835678,
        0.2405242919921875,
        0.33274751901626587
      ]
    },
    {
      "step": 3,
      "uav1_x": 2.5179779967102487,
      "uav1_y": 0.22959959029212423,
      "uav2_x": 5.947290887903719,
      "uav2_y": -3.347031028643406,
      "target_x": 2.321912032660088,
      "target_y": 3.402416177117887,
      "action": 18,
      "reward": -1.084035753838373,
      "done": false,
      "success": false,
      "collision": false,
      "near_border": false,
      "distance_uav1_target": 3.1788688170315558,
      "distance_uav2_target": 7.661488721352173,
      "distance_uav1_uav2": 4.955045256101388,
      "obs": [
        0.25179779529571533,
        0.022959958761930466,
        -0.0018183514475822449,
        0.049966923892498016,
        0.5947290658950806,
        -0.33470311760902405,
        -0.023438233882188797,
        0.04416615515947342,
        0.23219120502471924,
        0.34024161100387573
      ]
    },
    {
      "step": 4,
      "uav1_x": 2.4871390449737554,
      "uav1_y": 0.7286476431445467,
      "uav2_x": 5.710693342237438,
      "uav2_y": -2.9065521967062833,
      "target_x": 2.221677768632915,
      "target_y": 3.1264950008510723,
      "action": 18,
      "reward": -0.938177872562076,
      "done": false,
      "success": false,
      "collision": false,
      "near_border": false,
      "distance_uav1_target": 2.4124969720388614,
      "distance_uav2_target": 6.969281753581897,
      "distance_uav1_uav2": 4.85859858221058,
      "obs": [
        0.2487139105796814,
        0.07286476343870163,
        -0.0030838951934129,
        0.049904804676771164,
        0.5710693597793579,
        -0.2906552255153656,
        -0.023659754544496536,
        0.04404788464307785,
        0.22216777503490448,
        0.3126494884490967
      ]
    },
    {
      "step": 5,
      "uav1_x": 2.432121094813078,
      "uav1_y": 1.22561144983485,
      "uav2_x": 5.460379486594328,
      "uav2_y": -2.473720851176549,
      "target_x": 2.521389573621366,
      "target_y": 3.2876342532754337,
      "action": 18,
      "reward": -0.8531633399978689,
      "done": false,
      "success": false,
      "collision": false,
      "near_border": false,
      "distance_uav1_target": 2.0639541911626114,
      "distance_uav2_target": 6.467679208816076,
      "distance_uav1_uav2": 4.780733035916129,
      "obs": [
        0.24321210384368896,
        0.12256114184856415,
        -0.005501795094460249,
        0.04969638213515282,
        0.5460379719734192,
        -0.2473720908164978,
        -0.02503138594329357,
        0.0432831346988678,
        0.2521389424800873,
        0.3287634253501892
      ]
    },
    {
      "step": 6,
      "uav1_x": 2.453746690766349,
      "uav1_y": 1.7251435645178461,
      "uav2_x": 5.23317357408039,
      "uav2_y": -2.0283249898142,
      "target_x": 2.5194575782677386,
      "target_y": 3.5729218307510067,
      "action": 18,
      "reward": -0.8072949876765242,
      "done": false,
      "success": false,
      "collision": false,
      "near_border": false,
      "distance_uav1_target": 1.8489463058455333,
      "distance_uav2_target": 6.224003570919709,
      "distance_uav1_uav2": 4.670518171257693,
      "obs": [
        0.2453746646642685,
        0.17251434922218323,
        0.0021625596564263105,
        0.04995321109890938,
        0.5233173370361328,
        -0.20283250510692596,
        -0.022720592096447945,
        0.04453958570957184,
        0.25194576382637024,
        0.35729217529296875
      ]
    },
    {
      "step": 7,
      "uav1_x": 2.471516511148272,
      "uav1_y": 2.2248276982299284,
      "uav2_x": 5.0151695221151975,
      "uav2_y": -1.578353620361923,
      "target_x": 2.349148598385044,
      "target_y": 3.31198637229776,
      "action": 18,
      "reward": -0.6663861487144574,
      "done": false,
      "success": false,
      "collision": false,
      "near_border": false,
      "distance_uav1_target": 1.094023714859488,
      "distance_uav2_target": 5.569837772285086,
      "distance_uav1_uav2": 4.575408045441102,
      "obs": [
        0.24715165793895721,
        0.22248277068138123,
        0.0017769819824025035,
        0.0499684140086174,
        0.5015169382095337,
        -0.15783536434173584,
        -0.02180040441453457,
        0.044997137039899826,
        0.2349148541688919,
        0.33119863271713257
      ]
    },
    {
      "step": 8,
      "uav1_x": 2.4155908894724454,
      "uav1_y": 2.7216901790434553,
      "uav2_x": 4.7758428996239655,
      "uav2_y": -1.139351606964559,
      "target_x": 2.5174946998462513,
      "target_y": 3.4247896877774893,
      "action": 18,
      "reward": -0.5802746150412694,
      "done": false,
      "success": false,
      "collision": false,
      "near_border": false,
      "distance_uav1_target": 0.7104458499778434,
      "distance_uav2_target": 5.09230030043485,
      "distance_uav1_uav2": 4.525310290435812,