{
  "meta": {
    "policy_name": "ppo_finetune",
    "scenario_name": "near_uavs",
    "case_id": "0",
    "seed": 2024,
    "max_steps": 200,
    "total_reward": -8.022981713653412,
    "episode_length": 15,
    "final_success": true,
    "had_collision": false,
    "arena_size": 10.0,
    "success_distance": 0.8,
    "collision_distance": 0.5
  },
  "steps": [
    {
      "step": 0,
      "uav1_x": 1.850026543358138,
      "uav1_y": -2.76659925489803,
      "uav2_x": 1.582624942411521,
      "uav2_y": -2.129693713451671,
      "target_x": 7.680068902104668,
      "target_y": -5.915796667301058,
      "action": 18,
      "reward": -1.3803507026868203,
      "done": false,
      "success": false,
      "collision": false,
      "near_border": false,
      "distance_uav1_target": 6.6262235283051485,
      "distance_uav2_target": 7.177283498563053,
      "distance_uav1_uav2": 0.6907621044280682,
      "obs": [
        0.1850026547908783,
        -0.27665993571281433,
        0.031476303935050964,
        -0.015304974280297756,
        0.1582624912261963,
        -0.21296937763690948,
        0.030458703637123108,
        -0.017241444438695908,
        0.7680068612098694,
        -0.5915796756744385
      ]
    },
    {
      "step": 1,
      "uav1_x": 2.2019641038006688,
      "uav1_y": -2.9567043667434514,
      "uav2_x": 1.922443981796765,
      "uav2_y": -2.3406985012440105,
      "target_x": 7.595857037118279,
      "target_y": -6.114025117476829,
      "action": 18,
      "reward": -1.3063654509246536,
      "done": false,
      "success": false,
      "collision": false,
      "near_border": false,
      "distance_uav1_target": 6.250020423895047,
      "distance_uav2_target": 6.813634085351487,
      "distance_uav1_uav2": 0.6764574819859653,
      "obs": [
        0.2201964110136032,
        -0.29567044973373413,
        0.035193756222724915,
        -0.0190105102956295,
        0.19224439561367035,
        -0.2340698540210724,
        0.03398190438747406,
        -0.021100478246808052,
        0.7595856785774231,
        -0.6114025115966797
      ]
    },
    {
      "step": 2,
      "uav1_x": 2.590323125910911,
      "uav1_y": -3.1840307179339287,
      "uav2_x": 2.2971391654408952,
      "uav2_y": -2.589904278371852,
      "target_x": 7.6491126264421165,
      "target_y": -6.043940609182562,
      "action": 18,
      "reward": -1.2181004924757843,
      "done": false,
      "success": false,
      "collision": false,
      "near_border": false,
      "distance_uav1_target": 5.811233586489751,
      "distance_uav2_target": 6.369771338268094,
      "distance_uav1_uav2": 0.6625277812013575,
      "obs": [
        0.25903230905532837,
        -0.31840306520462036,
        0.03883590176701546,
        -0.022732635959982872,
        0.22971391677856445,
        -0.25899043679237366,
        0.037469517439603806,
        -0.024920577183365822,
        0.7649112343788147,
        -0.6043940782546997
      ]
    },
    {
      "step": 3,
      "uav1_x": 3.0255826474255976,
      "uav1_y": -3.4300980845854343,
      "uav2_x": 2.717246354285165,
      "uav2_y": -2.8610314623305344,
      "target_x": 7.4123440342911415,
      "target_y": -6.004501978567064,
      "action": 18,
      "reward": -1.073662911715369,
      "done": false,
      "success": false,
      "collision": false,
      "near_border": false,
      "distance_uav1_target": 5.086376989040656,
      "distance_uav2_target": 5.650252128113033,
      "distance_uav1_uav2": 0.6472310949206501,
      "obs": [
        0.3025582730770111,
        -0.3430097997188568,
        0.043525952845811844,
        -0.0246067363768816,
        0.2717246413230896,
        -0.28610315918922424,
        0.04201071709394455,
        -0.027112718671560287,
        0.7412344217300415,
        -0.6004502177238464
      ]
    },
    {
      "step": 4,
      "uav1_x": 3.4568091762807596,
      "uav1_y": -3.683166614457341,
      "uav2_x": 3.1327231837743614,
      "uav2_y": -3.139202280637569,
      "target_x": 7.115121820288173,
      "target_y": -6.025430458921771,
      "action": 18,
      "reward": -0.926221210927054,
      "done": false,
      "success": false,
      "collision": false,
      "near_border": false,
      "distance_uav1_target": 4.343898170812686,
      "distance_uav2_target": 4.918313938457854,
      "distance_uav1_uav2": 0.6331894874418287,
      "obs": [
        0.34568092226982117,
        -0.368316650390625,
        0.04312265291810036,
        -0.025306852534413338,
        0.3132723271846771,
        -0.3139202296733856,
        0.041547682136297226,
        -0.027817081660032272,
        0.7115122079849243,
        -0.6025430560112
      ]
    },
    {
      "step": 5,
      "uav1_x": 3.8778955484922646,
      "uav1_y": -3.952770522325446,
      "uav2_x": 3.5375772339981766,
      "uav2_y": -3.432618704883678,
      "target_x": 7.4004951388652955,
      "target_y": -5.845773395850872,
      "action": 18,
      "reward": -0.8553738217308084,
      "done": false,
      "success": false,
      "collision": false,
      "near_border": false,
      "distance_uav1_target": 3.999020849316963,
      "distance_uav2_target": 4.5547173679911195,
      "distance_uav1_uav2": 0.6215902737077469,
      "obs": [
        0.3877895474433899,
        -0.3952770531177521,
        0.04210863634943962,
        -0.02696039155125618,
        0.35375770926475525,
        -0.34326186776161194,
        0.040485404431819916,
        -0.029341641813516617,
        0.7400495409965515,
        -0.5845773220062256
      ]
    },
    {
      "step": 6,
      "uav1_x": 4.31832830979866,
      "uav1_y": -4.189453818668944,
      "uav2_x": 3.9616340516631197,
      "uav2_y": -3.6975258874814347,
      "target_x": 7.458588558887767,
      "target_y": -5.950563602801239,
      "action": 18,
      "reward": -0.776029305891959,
      "done": false,
      "success": false,
      "collision": false,
      "near_border": false,
      "distance_uav1_target": 3.6003808276036136,
      "distance_uav2_target": 4.1599122313159755,
      "distance_uav1_uav2": 0.6076379541053092,
      "obs": [
        0.43183282017707825,
        -0.4189453721046448,
        0.04404327645897865,
        -0.023668330162763596,
        0.3961634039878845,
        -0.36975258588790894,
        0.04240568354725838,
        -0.026490718126296997,
        0.7458588480949402,
        -0.5950563549995422
      ]
    },
    {
      "step": 7,
      "uav1_x": 4.7544294334649635,
      "uav1_y": -4.434026527565474,
      "uav2_x": 4.38194995170777,
      "uav2_y": -3.9683294032814618,
      "target_x": 7.2823949057190855,
      "target_y": -5.984928262545537,
      "action": 18,
      "reward": -0.6498387668553822,
      "done": false,
      "success": false,
      "collision": false,
      "near_border": false,
      "distance_uav1_target": 2.96578920701947,
      "distance_uav2_target": 3.532598461534352,
      "distance_uav1_uav2": 0.5963344496979076,
      "obs": [
        0.47544294595718384,
        -0.44340264797210693,
        0.0436101108789444,
        -0.02445727027952671,
        0.43819499015808105,
        -0.3968329429626465,
        0.04203158989548683,
        -0.0270803514868021,
        0.7282394766807556,
        -0.5984928011894226
      ]
    },
    {
      "step": 8,
      "uav1_x": 5.180617084676132,
      "uav1_y": -4.695491794771479,
      "uav2_x": 4.792475657585977,
      "uav2_y": -4.253756530256457,
      "target_x": 7.149219745564294,
      "target_y": -5.759953558469803,
      "action": 18,
      "reward": -0.5034902095075392,
      "done": false,
      "success": false,
      "collision": false,
      "near_border": false,
      "distance_uav1_target": 2.237962305945232,
      "distance_uav2_target": 2.7969397891301604,
      "distance_uav1_uav2": 0.5880338522055841,