{
  "meta": {
    "policy_name": "ppo_baseline",
    "scenario_name": "default",
    "case_id": "4",
    "seed": 41916,
    "max_steps": 200,
    "total_reward": -3.8222743294492934,
    "episode_length": 13,
    "final_success": true,
    "had_collision": false,
    "arena_size": 10.0,
    "success_distance": 0.8,
    "collision_distance": 0.5
  },
  "steps": [
    {
      "step": 0,
      "uav1_x": -5.987458654995813,
      "uav1_y": -4.5470514745247135,
      "uav2_x": -0.9283409012450285,
      "uav2_y": -2.5363686255654425,
      "target_x": 0.3552857990852525,
      "target_y": -2.9151099093973385,
      "action": 18,
      "reward": -0.7887659373446404,
      "done": false,
      "success": false,
      "collision": false,
      "near_border": false,
      "distance_uav1_target": 6.549323665980061,
      "distance_uav2_target": 1.3383357074663433,
      "distance_uav1_uav2": 5.444035081207262,
      "obs": [
        -0.5987458825111389,
        -0.454705148935318,
        0.03369080275297165,
        0.009483135305345058,
        -0.09283409267663956,
        -0.2536368668079376,
        0.034706030040979385,
        -0.004526739474385977,
        0.03552858158946037,
        -0.29151099920272827
      ]
    },
    {
      "step": 1,
      "uav1_x": -5.600075482163605,
      "uav1_y": -4.447380629206479,
      "uav2_x": -0.5446922566877177,
      "uav2_y": -2.6495663178093136,
      "target_x": 0.5718753278389785,
      "target_y": -2.636674179767228,
      "action": 18,
      "reward": -0.7548720573302508,
      "done": false,
      "success": false,
      "collision": false,
      "near_border": false,
      "distance_uav1_target": 6.43207856350748,
      "distance_uav2_target": 1.116642009795027,
      "distance_uav1_uav2": 5.365541524831157,
      "obs": [
        -0.5600075721740723,
        -0.4447380602359772,
        0.03873831778764725,
        0.009967084974050522,
        -0.05446922406554222,
        -0.26495662331581116,
        0.03836486488580704,
        -0.01131976954638958,
        0.057187531143426895,
        -0.26366740465164185
      ]
    },
    {
      "step": 2,
      "uav1_x": -5.168274496358073,
      "uav1_y": -4.320700288753153,
      "uav2_x": -0.09472224962229747,
      "uav2_y": -2.644370863878646,
      "target_x": 0.7056695126070065,
      "target_y": -2.8744459276223293,
      "action": 18,
      "reward": -0.6882172783125824,
      "done": false,
      "success": false,
      "collision": false,
      "near_border": false,
      "distance_uav1_target": 6.049369380154156,
      "distance_uav2_target": 0.8328034029716681,
      "distance_uav1_uav2": 5.343314770913065,
      "obs": [
        -0.5168274641036987,
        -0.4320700168609619,
        0.04318009689450264,
        0.012668034061789513,
        -0.009472224861383438,
        -0.26443707942962646,
        0.04499699920415878,
        0.0005195453995838761,
        0.07056695222854614,
        -0.2874445915222168
      ]
    },
    {
      "step": 3,
      "uav1_x": -4.682773972267462,
      "uav1_y": -4.201162674975139,
      "uav2_x": 0.38581839140611895,
      "uav2_y": -2.782503743092824,
      "target_x": 0.8788894741347085,
      "target_y": -3.145176075452531,
      "action": 18,
      "reward": -0.6273112198981013,
      "done": false,
      "success": false,
      "collision": false,
      "near_border": false,
      "distance_uav1_target": 5.661025347886846,
      "distance_uav2_target": 0.6120868510941675,
      "distance_uav1_uav2": 5.263385005307859,
      "obs": [
        -0.4682773947715759,
        -0.42011627554893494,
        0.04855005070567131,
        0.011953761801123619,
        0.03858184069395065,
        -0.2782503664493561,
        0.04805406555533409,
        -0.013813287951052189,
        0.08788894861936569,
        -0.314517617225647
      ]
    },
    {
      "step": 4,
      "uav1_x": -4.191549935576102,
      "uav1_y": -4.107894535845821,
      "uav2_x": 0.7885970835534628,
      "uav2_y": -3.078762625072884,
      "target_x": 1.1265577515511884,
      "target_y": -2.906179736604928,
      "action": 18,
      "reward": -0.5831667409230249,
      "done": false,
      "success": false,
      "collision": false,
      "near_border": false,
      "distance_uav1_target": 5.452191103638698,
      "distance_uav2_target": 0.3794763055915505,
      "distance_uav1_uav2": 5.085368897328516,
      "obs": [
        -0.4191550016403198,
        -0.41078945994377136,
        0.049122404307127,
        0.009326813742518425,
        0.07885970920324326,
        -0.30787625908851624,
        0.0402778685092926,
        -0.029625888913869858,
        0.11265577375888824,
        -0.290617972612381
      ]
    },
    {
      "step": 5,
      "uav1_x": -3.703846222881762,
      "uav1_y": -3.9976897781256735,
      "uav2_x": 1.233895858493959,
      "uav2_y": -2.851366492659658,
      "target_x": 0.870938693828234,
      "target_y": -2.942276976216689,
      "action": 18,
      "reward": -0.5069118995541766,
      "done": false,
      "success": false,
      "collision": false,
      "near_border": false,
      "distance_uav1_target": 4.694949756556577,
      "distance_uav2_target": 0.37416923898518895,
      "distance_uav1_uav2": 5.069058486246754,
      "obs": [
        -0.3703846335411072,
        -0.39976897835731506,
        0.048770371824502945,
        0.011020475998520851,
        0.1233895868062973,
        -0.2851366400718689,
        0.04452987760305405,
        0.02273961342871189,
        0.08709386736154556,
        -0.2942276895046234
      ]
    },
    {
      "step": 6,
      "uav1_x": -3.2166434673761004,
      "uav1_y": -3.885291045803237,
      "uav2_x": 0.7488784828671877,
      "uav2_y": -2.972849599880866,
      "target_x": 1.0173148873579416,
      "target_y": -2.8830609684246644,
      "action": 18,
      "reward": -0.4634016732134126,
      "done": false,
      "success": false,
      "collision": false,
      "near_border": false,
      "distance_uav1_target": 4.350961787653905,
      "distance_uav2_target": 0.28305494448022145,
      "distance_uav1_uav2": 4.069141645371691,
      "obs": [
        -0.32166433334350586,
        -0.38852909207344055,
        0.04872027412056923,
        0.011239873245358467,
        0.07488784939050674,
        -0.29728496074676514,
        -0.04850173741579056,
        -0.01214831043034792,
        0.10173148661851883,
        -0.2883060872554779
      ]
    },
    {
      "step": 7,
      "uav1_x": -2.730089164974717,
      "uav1_y": -3.770117651242239,
      "uav2_x": 1.2230556871970542,
      "uav2_y": -2.8142432352736657,
      "target_x": 0.9185595883762654,
      "target_y": -2.8186087155271204,
      "action": 18,
      "reward": -0.4075204648062196,
      "done": false,
      "success": false,
      "collision": false,
      "near_border": false,
      "distance_uav1_target": 3.770677257479801,
      "distance_uav2_target": 0.3045273905823955,
      "distance_uav1_uav2": 4.067068984091054,
      "obs": [
        -0.27300891280174255,
        -0.377011775970459,
        0.0486554317176342,
        0.011517339386045933,
        0.12230557203292847,
        -0.28142431378364563,
        0.047417718917131424,
        0.01586063578724861,
        0.0918559581041336,
        -0.2818608582019806
      ]
    },
    {
      "step": 8,
      "uav1_x": -2.246270409854102,
      "uav1_y": -3.643945498238739,
      "uav2_x": 0.7231070647784712,
      "uav2_y": -2.821410866804455,
      "target_x": 0.6629823430049442,
      "target_y": -2.944791197540449,
      "action": 18,
      "reward": -0.3129334734106437,
      "done": false,
      "success": false,
      "collision": false,
      "near_border": false,
      "distance_uav1_target": 2.992084276253404,
      "distance_uav2_target": 0.13725045785303316,
      "distance_uav1_uav2": 3.081195515828889,